{"cameraMode":{"drawMode":0,"name":"Shaded","section":"Shading Mode"},"sceneLighting":true,"audioPlay":false,"sceneViewState":{"showFog":true,"showMaterialUpdate":false,"showSkybox":true,"showFlares":true,"showImageEffects":true,"showParticleSystems":true},"in2DMode":false,"pivot":{"x":0.6700787544250488,"y":0.0980215072631836,"z":-0.5912021994590759},"rotation":{"x":0.12227112799882889,"y":0.17324940860271455,"z":-0.021682217717170717,"w":0.9770201444625855},"size":24.805233001708986,"orthographic":false}