{"cameraMode":{"drawMode":0,"name":"Shaded","section":"Shading Mode"},"sceneLighting":true,"audioPlay":false,"sceneViewState":{"showFog":true,"showMaterialUpdate":false,"showSkybox":true,"showFlares":true,"showImageEffects":true,"showParticleSystems":true},"in2DMode":false,"pivot":{"x":4.280029296875,"y":0.425537109375,"z":-0.72265625},"rotation":{"x":0.13673584163188935,"y":0.3290308713912964,"z":-0.048214904963970187,"w":0.9331241250038147},"size":9.32203483581543,"orthographic":true}