{"cameraMode":{"drawMode":0,"name":"Shaded","section":"Shading Mode"},"sceneLighting":false,"audioPlay":false,"sceneViewState":{"showFog":true,"showMaterialUpdate":false,"showSkybox":false,"showFlares":true,"showImageEffects":true,"showParticleSystems":true},"in2DMode":false,"pivot":{"x":-0.119873046875,"y":-0.258544921875,"z":-0.48046875},"rotation":{"x":0.09677841514348984,"y":0.10727886855602265,"z":-0.010492755100131035,"w":0.9894542694091797},"size":5.971102237701416,"orthographic":true}